data/train/00000_c.png,data/train/00000_d.png
data/train/00001_c.png,data/train/00001_d.png
data/train/00002_c.png,data/train/00002_d.png
data/train/00003_c.png,data/train/00003_d.png
data/train/00004_c.png,data/train/00004_d.png
data/train/00005_c.png,data/train/00005_d.png
data/train/00006_c.png,data/train/00006_d.png
data/train/00007_c.png,data/train/00007_d.png
data/train/00008_c.png,data/train/00008_d.png
data/train/00009_c.png,data/train/00009_d.png
data/train/00010_c.png,data/train/00010_d.png
data/train/00011_c.png,data/train/00011_d.png
data/train/00012_c.png,data/train/00012_d.png
data/train/00013_c.png,data/train/00013_d.png
data/train/00014_c.png,data/train/00014_d.png
data/train/00015_c.png,data/train/00015_d.png
data/train/00016_c.png,data/train/00016_d.png
data/train/00017_c.png,data/train/00017_d.png
data/train/00018_c.png,data/train/00018_d.png
data/train/00019_c.png,data/train/00019_d.png
data/train/00020_c.png,data/train/00020_d.png
data/train/00021_c.png,data/train/00021_d.png
data/train/00022_c.png,data/train/00022_d.png
data/train/00023_c.png,data/train/00023_d.png
data/train/00024_c.png,data/train/00024_d.png
data/train/00025_c.png,data/train/00025_d.png
data/train/00026_c.png,data/train/00026_d.png
data/train/00027_c.png,data/train/00027_d.png
data/train/00028_c.png,data/train/00028_d.png
data/train/00029_c.png,data/train/00029_d.png
data/train/00030_c.png,data/train/00030_d.png
data/train/00031_c.png,data/train/00031_d.png
data/train/00032_c.png,data/train/00032_d.png
data/train/00033_c.png,data/train/00033_d.png
data/train/00034_c.png,data/train/00034_d.png
data/train/00035_c.png,data/train/00035_d.png
data/train/00036_c.png,data/train/00036_d.png
data/train/00037_c.png,data/train/00037_d.png
data/train/00038_c.png,data/train/00038_d.png
data/train/00039_c.png,data/train/00039_d.png
data/train/00040_c.png,data/train/00040_d.png
data/train/00041_c.png,data/train/00041_d.png
data/train/00042_c.png,data/train/00042_d.png
data/train/00043_c.png,data/train/00043_d.png
data/train/00044_c.png,data/train/00044_d.png
data/train/00045_c.png,data/train/00045_d.png
data/train/00046_c.png,data/train/00046_d.png
data/train/00047_c.png,data/train/00047_d.png
data/train/00048_c.png,data/train/00048_d.png
data/train/00049_c.png,data/train/00049_d.png
data/train/00050_c.png,data/train/00050_d.png
data/train/00051_c.png,data/train/00051_d.png
data/train/00052_c.png,data/train/00052_d.png
data/train/00053_c.png,data/train/00053_d.png
data/train/00054_c.png,data/train/00054_d.png
data/train/00055_c.png,data/train/00055_d.png
data/train/00056_c.png,data/train/00056_d.png
data/train/00057_c.png,data/train/00057_d.png
data/train/00058_c.png,data/train/00058_d.png
data/train/00059_c.png,data/train/00059_d.png
data/train/00060_c.png,data/train/00060_d.png
data/train/00061_c.png,data/train/00061_d.png
data/train/00062_c.png,data/train/00062_d.png
data/train/00063_c.png,data/train/00063_d.png
data/train/00064_c.png,data/train/00064_d.png
data/train/00065_c.png,data/train/00065_d.png
data/train/00066_c.png,data/train/00066_d.png
data/train/00067_c.png,data/train/00067_d.png
data/train/00068_c.png,data/train/00068_d.png
data/train/00069_c.png,data/train/00069_d.png
data/train/00070_c.png,data/train/00070_d.png
data/train/00071_c.png,data/train/00071_d.png
data/train/00072_c.png,data/train/00072_d.png
data/train/00073_c.png,data/train/00073_d.png
data/train/00074_c.png,data/train/00074_d.png
data/train/00075_c.png,data/train/00075_d.png
data/train/00076_c.png,data/train/00076_d.png
data/train/00077_c.png,data/train/00077_d.png
data/train/00078_c.png,data/train/00078_d.png
data/train/00079_c.png,data/train/00079_d.png
data/train/00080_c.png,data/train/00080_d.png
data/train/00081_c.png,data/train/00081_d.png
data/train/00082_c.png,data/train/00082_d.png
data/train/00083_c.png,data/train/00083_d.png
data/train/00084_c.png,data/train/00084_d.png
data/train/00085_c.png,data/train/00085_d.png
data/train/00086_c.png,data/train/00086_d.png
data/train/00087_c.png,data/train/00087_d.png
data/train/00088_c.png,data/train/00088_d.png
data/train/00089_c.png,data/train/00089_d.png
data/train/00090_c.png,data/train/00090_d.png
data/train/00091_c.png,data/train/00091_d.png
data/train/00092_c.png,data/train/00092_d.png
data/train/00093_c.png,data/train/00093_d.png
data/train/00094_c.png,data/train/00094_d.png
data/train/00095_c.png,data/train/00095_d.png
data/train/00096_c.png,data/train/00096_d.png
data/train/00097_c.png,data/train/00097_d.png
data/train/00098_c.png,data/train/00098_d.png
data/train/00099_c.png,data/train/00099_d.png
data/train/00100_c.png,data/train/00100_d.png
data/train/00101_c.png,data/train/00101_d.png
data/train/00102_c.png,data/train/00102_d.png
data/train/00103_c.png,data/train/00103_d.png
data/train/00104_c.png,data/train/00104_d.png
data/train/00105_c.png,data/train/00105_d.png
data/train/00106_c.png,data/train/00106_d.png
data/train/00107_c.png,data/train/00107_d.png
data/train/00108_c.png,data/train/00108_d.png
data/train/00109_c.png,data/train/00109_d.png
data/train/00110_c.png,data/train/00110_d.png
data/train/00111_c.png,data/train/00111_d.png
data/train/00112_c.png,data/train/00112_d.png
data/train/00113_c.png,data/train/00113_d.png
data/train/00114_c.png,data/train/00114_d.png
data/train/00115_c.png,data/train/00115_d.png
data/train/00116_c.png,data/train/00116_d.png
data/train/00117_c.png,data/train/00117_d.png
data/train/00118_c.png,data/train/00118_d.png
data/train/00119_c.png,data/train/00119_d.png
data/train/00120_c.png,data/train/00120_d.png
data/train/00121_c.png,data/train/00121_d.png
data/train/00122_c.png,data/train/00122_d.png
data/train/00123_c.png,data/train/00123_d.png
data/train/00124_c.png,data/train/00124_d.png
data/train/00125_c.png,data/train/00125_d.png
data/train/00126_c.png,data/train/00126_d.png
data/train/00127_c.png,data/train/00127_d.png
data/train/00128_c.png,data/train/00128_d.png
data/train/00129_c.png,data/train/00129_d.png
data/train/00130_c.png,data/train/00130_d.png
data/train/00131_c.png,data/train/00131_d.png
data/train/00132_c.png,data/train/00132_d.png
data/train/00133_c.png,data/train/00133_d.png
data/train/00134_c.png,data/train/00134_d.png
data/train/00135_c.png,data/train/00135_d.png
data/train/00136_c.png,data/train/00136_d.png
data/train/00137_c.png,data/train/00137_d.png
data/train/00138_c.png,data/train/00138_d.png
data/train/00139_c.png,data/train/00139_d.png
data/train/00140_c.png,data/train/00140_d.png
data/train/00141_c.png,data/train/00141_d.png
data/train/00142_c.png,data/train/00142_d.png
data/train/00143_c.png,data/train/00143_d.png
data/train/00144_c.png,data/train/00144_d.png
data/train/00145_c.png,data/train/00145_d.png
data/train/00146_c.png,data/train/00146_d.png
data/train/00147_c.png,data/train/00147_d.png
data/train/00148_c.png,data/train/00148_d.png
data/train/00149_c.png,data/train/00149_d.png
data/train/00150_c.png,data/train/00150_d.png
data/train/00151_c.png,data/train/00151_d.png
data/train/00152_c.png,data/train/00152_d.png
data/train/00153_c.png,data/train/00153_d.png
data/train/00154_c.png,data/train/00154_d.png
data/train/00155_c.png,data/train/00155_d.png
data/train/00156_c.png,data/train/00156_d.png
data/train/00157_c.png,data/train/00157_d.png
data/train/00158_c.png,data/train/00158_d.png
data/train/00159_c.png,data/train/00159_d.png
data/train/00160_c.png,data/train/00160_d.png
data/train/00161_c.png,data/train/00161_d.png
data/train/00162_c.png,data/train/00162_d.png
data/train/00163_c.png,data/train/00163_d.png
data/train/00164_c.png,data/train/00164_d.png
data/train/00165_c.png,data/train/00165_d.png
data/train/00166_c.png,data/train/00166_d.png
data/train/00167_c.png,data/train/00167_d.png
data/train/00168_c.png,data/train/00168_d.png
data/train/00169_c.png,data/train/00169_d.png
data/train/00170_c.png,data/train/00170_d.png
data/train/00171_c.png,data/train/00171_d.png
data/train/00172_c.png,data/train/00172_d.png
data/train/00173_c.png,data/train/00173_d.png
data/train/00174_c.png,data/train/00174_d.png
data/train/00175_c.png,data/train/00175_d.png
data/train/00176_c.png,data/train/00176_d.png
data/train/00177_c.png,data/train/00177_d.png
data/train/00178_c.png,data/train/00178_d.png
data/train/00179_c.png,data/train/00179_d.png
data/train/00180_c.png,data/train/00180_d.png
data/train/00181_c.png,data/train/00181_d.png
data/train/00182_c.png,data/train/00182_d.png
data/train/00183_c.png,data/train/00183_d.png
data/train/00184_c.png,data/train/00184_d.png
data/train/00185_c.png,data/train/00185_d.png
data/train/00186_c.png,data/train/00186_d.png
data/train/00187_c.png,data/train/00187_d.png
data/train/00188_c.png,data/train/00188_d.png
data/train/00189_c.png,data/train/00189_d.png
data/train/00190_c.png,data/train/00190_d.png
data/train/00191_c.png,data/train/00191_d.png
data/train/00192_c.png,data/train/00192_d.png
data/train/00193_c.png,data/train/00193_d.png
data/train/00194_c.png,data/train/00194_d.png
data/train/00195_c.png,data/train/00195_d.png
data/train/00196_c.png,data/train/00196_d.png
data/train/00197_c.png,data/train/00197_d.png
data/train/00198_c.png,data/train/00198_d.png
data/train/00199_c.png,data/train/00199_d.png
data/train/00200_c.png,data/train/00200_d.png
data/train/00201_c.png,data/train/00201_d.png
data/train/00202_c.png,data/train/00202_d.png
data/train/00203_c.png,data/train/00203_d.png
data/train/00204_c.png,data/train/00204_d.png
data/train/00205_c.png,data/train/00205_d.png
data/train/00206_c.png,data/train/00206_d.png
data/train/00207_c.png,data/train/00207_d.png
data/train/00208_c.png,data/train/00208_d.png
data/train/00209_c.png,data/train/00209_d.png
data/train/00210_c.png,data/train/00210_d.png
data/train/00211_c.png,data/train/00211_d.png
data/train/00212_c.png,data/train/00212_d.png
data/train/00213_c.png,data/train/00213_d.png
data/train/00214_c.png,data/train/00214_d.png
data/train/00215_c.png,data/train/00215_d.png
data/train/00216_c.png,data/train/00216_d.png
data/train/00217_c.png,data/train/00217_d.png
data/train/00218_c.png,data/train/00218_d.png
data/train/00219_c.png,data/train/00219_d.png
data/train/00220_c.png,data/train/00220_d.png
data/train/00221_c.png,data/train/00221_d.png
data/train/00222_c.png,data/train/00222_d.png
data/train/00223_c.png,data/train/00223_d.png
data/train/00224_c.png,data/train/00224_d.png
data/train/00225_c.png,data/train/00225_d.png
data/train/00226_c.png,data/train/00226_d.png
data/train/00227_c.png,data/train/00227_d.png
data/train/00228_c.png,data/train/00228_d.png
data/train/00229_c.png,data/train/00229_d.png
data/train/00230_c.png,data/train/00230_d.png
data/train/00231_c.png,data/train/00231_d.png
data/train/00232_c.png,data/train/00232_d.png
data/train/00233_c.png,data/train/00233_d.png
data/train/00234_c.png,data/train/00234_d.png
data/train/00235_c.png,data/train/00235_d.png
data/train/00236_c.png,data/train/00236_d.png
data/train/00237_c.png,data/train/00237_d.png
data/train/00238_c.png,data/train/00238_d.png
data/train/00239_c.png,data/train/00239_d.png
data/train/00240_c.png,data/train/00240_d.png
data/train/00241_c.png,data/train/00241_d.png
data/train/00242_c.png,data/train/00242_d.png
data/train/00243_c.png,data/train/00243_d.png
data/train/00244_c.png,data/train/00244_d.png
data/train/00245_c.png,data/train/00245_d.png
data/train/00246_c.png,data/train/00246_d.png
data/train/00247_c.png,data/train/00247_d.png
data/train/00248_c.png,data/train/00248_d.png
data/train/00249_c.png,data/train/00249_d.png
data/train/00250_c.png,data/train/00250_d.png
data/train/00251_c.png,data/train/00251_d.png
data/train/00252_c.png,data/train/00252_d.png
data/train/00253_c.png,data/train/00253_d.png
data/train/00254_c.png,data/train/00254_d.png
data/train/00255_c.png,data/train/00255_d.png
data/train/00256_c.png,data/train/00256_d.png
data/train/00257_c.png,data/train/00257_d.png
data/train/00258_c.png,data/train/00258_d.png
data/train/00259_c.png,data/train/00259_d.png
data/train/00260_c.png,data/train/00260_d.png
data/train/00261_c.png,data/train/00261_d.png
data/train/00262_c.png,data/train/00262_d.png
data/train/00263_c.png,data/train/00263_d.png
data/train/00264_c.png,data/train/00264_d.png
data/train/00265_c.png,data/train/00265_d.png
data/train/00266_c.png,data/train/00266_d.png
data/train/00267_c.png,data/train/00267_d.png
data/train/00268_c.png,data/train/00268_d.png
data/train/00269_c.png,data/train/00269_d.png
data/train/00270_c.png,data/train/00270_d.png
data/train/00271_c.png,data/train/00271_d.png
data/train/00272_c.png,data/train/00272_d.png
data/train/00273_c.png,data/train/00273_d.png
data/train/00274_c.png,data/train/00274_d.png
data/train/00275_c.png,data/train/00275_d.png
data/train/00276_c.png,data/train/00276_d.png
data/train/00277_c.png,data/train/00277_d.png
data/train/00278_c.png,data/train/00278_d.png
data/train/00279_c.png,data/train/00279_d.png
data/train/00280_c.png,data/train/00280_d.png
data/train/00281_c.png,data/train/00281_d.png
data/train/00282_c.png,data/train/00282_d.png
data/train/00283_c.png,data/train/00283_d.png
data/train/00284_c.png,data/train/00284_d.png
data/train/00285_c.png,data/train/00285_d.png
data/train/00286_c.png,data/train/00286_d.png
data/train/00287_c.png,data/train/00287_d.png
data/train/00288_c.png,data/train/00288_d.png
data/train/00289_c.png,data/train/00289_d.png
data/train/00290_c.png,data/train/00290_d.png
data/train/00291_c.png,data/train/00291_d.png
data/train/00292_c.png,data/train/00292_d.png
data/train/00293_c.png,data/train/00293_d.png
data/train/00294_c.png,data/train/00294_d.png
data/train/00295_c.png,data/train/00295_d.png
data/train/00296_c.png,data/train/00296_d.png
data/train/00297_c.png,data/train/00297_d.png
data/train/00298_c.png,data/train/00298_d.png
data/train/00299_c.png,data/train/00299_d.png
data/train/00300_c.png,data/train/00300_d.png
data/train/00301_c.png,data/train/00301_d.png
data/train/00302_c.png,data/train/00302_d.png
data/train/00303_c.png,data/train/00303_d.png
data/train/00304_c.png,data/train/00304_d.png
data/train/00305_c.png,data/train/00305_d.png
data/train/00306_c.png,data/train/00306_d.png
data/train/00307_c.png,data/train/00307_d.png
data/train/00308_c.png,data/train/00308_d.png
data/train/00309_c.png,data/train/00309_d.png
data/train/00310_c.png,data/train/00310_d.png
data/train/00311_c.png,data/train/00311_d.png
data/train/00312_c.png,data/train/00312_d.png
data/train/00313_c.png,data/train/00313_d.png
data/train/00314_c.png,data/train/00314_d.png
data/train/00315_c.png,data/train/00315_d.png
data/train/00316_c.png,data/train/00316_d.png
data/train/00317_c.png,data/train/00317_d.png
data/train/00318_c.png,data/train/00318_d.png
data/train/00319_c.png,data/train/00319_d.png
data/train/00320_c.png,data/train/00320_d.png
data/train/00321_c.png,data/train/00321_d.png
data/train/00322_c.png,data/train/00322_d.png
data/train/00323_c.png,data/train/00323_d.png
data/train/00324_c.png,data/train/00324_d.png
data/train/00325_c.png,data/train/00325_d.png
data/train/00326_c.png,data/train/00326_d.png
data/train/00327_c.png,data/train/00327_d.png
data/train/00328_c.png,data/train/00328_d.png
data/train/00329_c.png,data/train/00329_d.png
data/train/00330_c.png,data/train/00330_d.png
data/train/00331_c.png,data/train/00331_d.png
data/train/00332_c.png,data/train/00332_d.png
data/train/00333_c.png,data/train/00333_d.png
data/train/00334_c.png,data/train/00334_d.png
data/train/00335_c.png,data/train/00335_d.png
data/train/00336_c.png,data/train/00336_d.png
data/train/00337_c.png,data/train/00337_d.png
data/train/00338_c.png,data/train/00338_d.png
data/train/00339_c.png,data/train/00339_d.png
data/train/00340_c.png,data/train/00340_d.png
data/train/00341_c.png,data/train/00341_d.png
data/train/00342_c.png,data/train/00342_d.png
data/train/00343_c.png,data/train/00343_d.png
data/train/00344_c.png,data/train/00344_d.png
data/train/00345_c.png,data/train/00345_d.png
data/train/00346_c.png,data/train/00346_d.png
data/train/00347_c.png,data/train/00347_d.png
data/train/00348_c.png,data/train/00348_d.png
data/train/00349_c.png,data/train/00349_d.png
data/train/00350_c.png,data/train/00350_d.png
data/train/00351_c.png,data/train/00351_d.png
data/train/00352_c.png,data/train/00352_d.png
data/train/00353_c.png,data/train/00353_d.png
data/train/00354_c.png,data/train/00354_d.png
data/train/00355_c.png,data/train/00355_d.png
data/train/00356_c.png,data/train/00356_d.png
data/train/00357_c.png,data/train/00357_d.png
data/train/00358_c.png,data/train/00358_d.png
data/train/00359_c.png,data/train/00359_d.png
data/train/00360_c.png,data/train/00360_d.png
data/train/00361_c.png,data/train/00361_d.png
data/train/00362_c.png,data/train/00362_d.png
data/train/00363_c.png,data/train/00363_d.png
data/train/00364_c.png,data/train/00364_d.png
data/train/00365_c.png,data/train/00365_d.png
data/train/00366_c.png,data/train/00366_d.png
data/train/00367_c.png,data/train/00367_d.png
data/train/00368_c.png,data/train/00368_d.png
data/train/00369_c.png,data/train/00369_d.png
data/train/00370_c.png,data/train/00370_d.png
data/train/00371_c.png,data/train/00371_d.png
data/train/00372_c.png,data/train/00372_d.png
data/train/00373_c.png,data/train/00373_d.png
data/train/00374_c.png,data/train/00374_d.png
data/train/00375_c.png,data/train/00375_d.png
data/train/00376_c.png,data/train/00376_d.png
data/train/00377_c.png,data/train/00377_d.png
data/train/00378_c.png,data/train/00378_d.png
data/train/00379_c.png,data/train/00379_d.png
data/train/00380_c.png,data/train/00380_d.png
data/train/00381_c.png,data/train/00381_d.png
data/train/00382_c.png,data/train/00382_d.png
data/train/00383_c.png,data/train/00383_d.png
data/train/00384_c.png,data/train/00384_d.png
data/train/00385_c.png,data/train/00385_d.png
data/train/00386_c.png,data/train/00386_d.png
data/train/00387_c.png,data/train/00387_d.png
data/train/00388_c.png,data/train/00388_d.png
data/train/00389_c.png,data/train/00389_d.png
data/train/00390_c.png,data/train/00390_d.png
data/train/00391_c.png,data/train/00391_d.png
data/train/00392_c.png,data/train/00392_d.png
data/train/00393_c.png,data/train/00393_d.png
data/train/00394_c.png,data/train/00394_d.png
data/train/00395_c.png,data/train/00395_d.png
data/train/00396_c.png,data/train/00396_d.png
data/train/00397_c.png,data/train/00397_d.png
data/train/00398_c.png,data/train/00398_d.png
data/train/00399_c.png,data/train/00399_d.png
data/train/00400_c.png,data/train/00400_d.png
data/train/00401_c.png,data/train/00401_d.png
data/train/00402_c.png,data/train/00402_d.png
data/train/00403_c.png,data/train/00403_d.png
data/train/00404_c.png,data/train/00404_d.png
data/train/00405_c.png,data/train/00405_d.png
data/train/00406_c.png,data/train/00406_d.png
data/train/00407_c.png,data/train/00407_d.png
data/train/00408_c.png,data/train/00408_d.png
data/train/00409_c.png,data/train/00409_d.png
data/train/00410_c.png,data/train/00410_d.png
data/train/00411_c.png,data/train/00411_d.png
data/train/00412_c.png,data/train/00412_d.png
data/train/00413_c.png,data/train/00413_d.png
data/train/00414_c.png,data/train/00414_d.png
data/train/00415_c.png,data/train/00415_d.png
data/train/00416_c.png,data/train/00416_d.png
data/train/00417_c.png,data/train/00417_d.png
data/train/00418_c.png,data/train/00418_d.png
data/train/00419_c.png,data/train/00419_d.png
data/train/00420_c.png,data/train/00420_d.png
data/train/00421_c.png,data/train/00421_d.png
data/train/00422_c.png,data/train/00422_d.png
data/train/00423_c.png,data/train/00423_d.png
data/train/00424_c.png,data/train/00424_d.png
data/train/00425_c.png,data/train/00425_d.png
data/train/00426_c.png,data/train/00426_d.png
data/train/00427_c.png,data/train/00427_d.png
data/train/00428_c.png,data/train/00428_d.png
data/train/00429_c.png,data/train/00429_d.png
data/train/00430_c.png,data/train/00430_d.png
data/train/00431_c.png,data/train/00431_d.png
data/train/00432_c.png,data/train/00432_d.png
data/train/00433_c.png,data/train/00433_d.png
data/train/00434_c.png,data/train/00434_d.png
data/train/00435_c.png,data/train/00435_d.png
data/train/00436_c.png,data/train/00436_d.png
data/train/00437_c.png,data/train/00437_d.png
data/train/00438_c.png,data/train/00438_d.png
data/train/00439_c.png,data/train/00439_d.png
data/train/00440_c.png,data/train/00440_d.png
data/train/00441_c.png,data/train/00441_d.png
data/train/00442_c.png,data/train/00442_d.png
data/train/00443_c.png,data/train/00443_d.png
data/train/00444_c.png,data/train/00444_d.png
data/train/00445_c.png,data/train/00445_d.png
data/train/00446_c.png,data/train/00446_d.png
data/train/00447_c.png,data/train/00447_d.png
data/train/00448_c.png,data/train/00448_d.png
data/train/00449_c.png,data/train/00449_d.png
data/train/00450_c.png,data/train/00450_d.png
data/train/00451_c.png,data/train/00451_d.png
data/train/00452_c.png,data/train/00452_d.png
data/train/00453_c.png,data/train/00453_d.png
data/train/00454_c.png,data/train/00454_d.png
data/train/00455_c.png,data/train/00455_d.png
data/train/00456_c.png,data/train/00456_d.png
data/train/00457_c.png,data/train/00457_d.png
data/train/00458_c.png,data/train/00458_d.png
data/train/00459_c.png,data/train/00459_d.png
data/train/00460_c.png,data/train/00460_d.png
data/train/00461_c.png,data/train/00461_d.png
data/train/00462_c.png,data/train/00462_d.png
data/train/00463_c.png,data/train/00463_d.png
data/train/00464_c.png,data/train/00464_d.png
data/train/00465_c.png,data/train/00465_d.png
data/train/00466_c.png,data/train/00466_d.png
data/train/00467_c.png,data/train/00467_d.png
data/train/00468_c.png,data/train/00468_d.png
data/train/00469_c.png,data/train/00469_d.png
data/train/00470_c.png,data/train/00470_d.png
data/train/00471_c.png,data/train/00471_d.png
data/train/00472_c.png,data/train/00472_d.png
data/train/00473_c.png,data/train/00473_d.png
data/train/00474_c.png,data/train/00474_d.png
data/train/00475_c.png,data/train/00475_d.png
data/train/00476_c.png,data/train/00476_d.png
data/train/00477_c.png,data/train/00477_d.png
data/train/00478_c.png,data/train/00478_d.png
data/train/00479_c.png,data/train/00479_d.png
data/train/00480_c.png,data/train/00480_d.png
data/train/00481_c.png,data/train/00481_d.png
data/train/00482_c.png,data/train/00482_d.png
data/train/00483_c.png,data/train/00483_d.png
data/train/00484_c.png,data/train/00484_d.png
data/train/00485_c.png,data/train/00485_d.png
data/train/00486_c.png,data/train/00486_d.png
data/train/00487_c.png,data/train/00487_d.png
data/train/00488_c.png,data/train/00488_d.png
data/train/00489_c.png,data/train/00489_d.png
data/train/00490_c.png,data/train/00490_d.png
data/train/00491_c.png,data/train/00491_d.png
data/train/00492_c.png,data/train/00492_d.png
data/train/00493_c.png,data/train/00493_d.png
data/train/00494_c.png,data/train/00494_d.png
data/train/00495_c.png,data/train/00495_d.png
data/train/00496_c.png,data/train/00496_d.png
data/train/00497_c.png,data/train/00497_d.png
data/train/00498_c.png,data/train/00498_d.png
data/train/00499_c.png,data/train/00499_d.png
data/train/00500_c.png,data/train/00500_d.png
data/train/00501_c.png,data/train/00501_d.png
data/train/00502_c.png,data/train/00502_d.png
data/train/00503_c.png,data/train/00503_d.png
data/train/00504_c.png,data/train/00504_d.png
data/train/00505_c.png,data/train/00505_d.png
data/train/00506_c.png,data/train/00506_d.png
data/train/00507_c.png,data/train/00507_d.png
data/train/00508_c.png,data/train/00508_d.png
data/train/00509_c.png,data/train/00509_d.png
data/train/00510_c.png,data/train/00510_d.png
data/train/00511_c.png,data/train/00511_d.png
data/train/00512_c.png,data/train/00512_d.png
data/train/00513_c.png,data/train/00513_d.png
data/train/00514_c.png,data/train/00514_d.png
data/train/00515_c.png,data/train/00515_d.png
data/train/00516_c.png,data/train/00516_d.png
data/train/00517_c.png,data/train/00517_d.png
data/train/00518_c.png,data/train/00518_d.png
data/train/00519_c.png,data/train/00519_d.png
data/train/00520_c.png,data/train/00520_d.png
data/train/00521_c.png,data/train/00521_d.png
data/train/00522_c.png,data/train/00522_d.png
data/train/00523_c.png,data/train/00523_d.png
data/train/00524_c.png,data/train/00524_d.png
data/train/00525_c.png,data/train/00525_d.png
data/train/00526_c.png,data/train/00526_d.png
data/train/00527_c.png,data/train/00527_d.png
data/train/00528_c.png,data/train/00528_d.png
data/train/00529_c.png,data/train/00529_d.png
data/train/00530_c.png,data/train/00530_d.png
data/train/00531_c.png,data/train/00531_d.png
data/train/00532_c.png,data/train/00532_d.png
data/train/00533_c.png,data/train/00533_d.png
data/train/00534_c.png,data/train/00534_d.png
data/train/00535_c.png,data/train/00535_d.png
data/train/00536_c.png,data/train/00536_d.png
data/train/00537_c.png,data/train/00537_d.png
data/train/00538_c.png,data/train/00538_d.png
data/train/00539_c.png,data/train/00539_d.png
data/train/00540_c.png,data/train/00540_d.png
data/train/00541_c.png,data/train/00541_d.png
data/train/00542_c.png,data/train/00542_d.png
data/train/00543_c.png,data/train/00543_d.png
data/train/00544_c.png,data/train/00544_d.png
data/train/00545_c.png,data/train/00545_d.png
data/train/00546_c.png,data/train/00546_d.png
data/train/00547_c.png,data/train/00547_d.png
data/train/00548_c.png,data/train/00548_d.png
data/train/00549_c.png,data/train/00549_d.png
data/train/00550_c.png,data/train/00550_d.png
data/train/00551_c.png,data/train/00551_d.png
data/train/00552_c.png,data/train/00552_d.png
data/train/00553_c.png,data/train/00553_d.png
data/train/00554_c.png,data/train/00554_d.png
data/train/00555_c.png,data/train/00555_d.png
data/train/00556_c.png,data/train/00556_d.png
data/train/00557_c.png,data/train/00557_d.png
data/train/00558_c.png,data/train/00558_d.png
data/train/00559_c.png,data/train/00559_d.png
data/train/00560_c.png,data/train/00560_d.png
data/train/00561_c.png,data/train/00561_d.png
data/train/00562_c.png,data/train/00562_d.png
data/train/00563_c.png,data/train/00563_d.png
data/train/00564_c.png,data/train/00564_d.png
data/train/00565_c.png,data/train/00565_d.png
data/train/00566_c.png,data/train/00566_d.png
data/train/00567_c.png,data/train/00567_d.png
data/train/00568_c.png,data/train/00568_d.png
data/train/00569_c.png,data/train/00569_d.png
data/train/00570_c.png,data/train/00570_d.png
data/train/00571_c.png,data/train/00571_d.png
data/train/00572_c.png,data/train/00572_d.png
data/train/00573_c.png,data/train/00573_d.png
data/train/00574_c.png,data/train/00574_d.png
data/train/00575_c.png,data/train/00575_d.png
data/train/00576_c.png,data/train/00576_d.png
data/train/00577_c.png,data/train/00577_d.png
data/train/00578_c.png,data/train/00578_d.png
data/train/00579_c.png,data/train/00579_d.png
data/train/00580_c.png,data/train/00580_d.png
data/train/00581_c.png,data/train/00581_d.png
data/train/00582_c.png,data/train/00582_d.png
data/train/00583_c.png,data/train/00583_d.png
data/train/00584_c.png,data/train/00584_d.png
data/train/00585_c.png,data/train/00585_d.png
data/train/00586_c.png,data/train/00586_d.png
data/train/00587_c.png,data/train/00587_d.png
data/train/00588_c.png,data/train/00588_d.png
data/train/00589_c.png,data/train/00589_d.png
data/train/00590_c.png,data/train/00590_d.png
data/train/00591_c.png,data/train/00591_d.png
data/train/00592_c.png,data/train/00592_d.png
data/train/00593_c.png,data/train/00593_d.png
data/train/00594_c.png,data/train/00594_d.png
data/train/00595_c.png,data/train/00595_d.png
data/train/00596_c.png,data/train/00596_d.png
data/train/00597_c.png,data/train/00597_d.png
data/train/00598_c.png,data/train/00598_d.png
data/train/00599_c.png,data/train/00599_d.png
data/train/00600_c.png,data/train/00600_d.png
data/train/00601_c.png,data/train/00601_d.png
data/train/00602_c.png,data/train/00602_d.png
data/train/00603_c.png,data/train/00603_d.png
data/train/00604_c.png,data/train/00604_d.png
data/train/00605_c.png,data/train/00605_d.png
data/train/00606_c.png,data/train/00606_d.png
data/train/00607_c.png,data/train/00607_d.png
data/train/00608_c.png,data/train/00608_d.png
data/train/00609_c.png,data/train/00609_d.png
data/train/00610_c.png,data/train/00610_d.png
data/train/00611_c.png,data/train/00611_d.png
data/train/00612_c.png,data/train/00612_d.png
data/train/00613_c.png,data/train/00613_d.png
data/train/00614_c.png,data/train/00614_d.png
data/train/00615_c.png,data/train/00615_d.png
data/train/00616_c.png,data/train/00616_d.png
data/train/00617_c.png,data/train/00617_d.png
data/train/00618_c.png,data/train/00618_d.png
data/train/00619_c.png,data/train/00619_d.png
data/train/00620_c.png,data/train/00620_d.png
data/train/00621_c.png,data/train/00621_d.png
data/train/00622_c.png,data/train/00622_d.png
data/train/00623_c.png,data/train/00623_d.png
data/train/00624_c.png,data/train/00624_d.png
data/train/00625_c.png,data/train/00625_d.png
data/train/00626_c.png,data/train/00626_d.png
data/train/00627_c.png,data/train/00627_d.png
data/train/00628_c.png,data/train/00628_d.png
data/train/00629_c.png,data/train/00629_d.png
data/train/00630_c.png,data/train/00630_d.png
data/train/00631_c.png,data/train/00631_d.png
data/train/00632_c.png,data/train/00632_d.png
data/train/00633_c.png,data/train/00633_d.png
data/train/00634_c.png,data/train/00634_d.png
data/train/00635_c.png,data/train/00635_d.png
data/train/00636_c.png,data/train/00636_d.png
data/train/00637_c.png,data/train/00637_d.png
data/train/00638_c.png,data/train/00638_d.png
data/train/00639_c.png,data/train/00639_d.png
data/train/00640_c.png,data/train/00640_d.png
data/train/00641_c.png,data/train/00641_d.png
data/train/00642_c.png,data/train/00642_d.png
data/train/00643_c.png,data/train/00643_d.png
data/train/00644_c.png,data/train/00644_d.png
data/train/00645_c.png,data/train/00645_d.png
data/train/00646_c.png,data/train/00646_d.png
data/train/00647_c.png,data/train/00647_d.png
data/train/00648_c.png,data/train/00648_d.png
data/train/00649_c.png,data/train/00649_d.png
data/train/00650_c.png,data/train/00650_d.png
data/train/00651_c.png,data/train/00651_d.png
data/train/00652_c.png,data/train/00652_d.png
data/train/00653_c.png,data/train/00653_d.png
data/train/00654_c.png,data/train/00654_d.png
data/train/00655_c.png,data/train/00655_d.png
data/train/00656_c.png,data/train/00656_d.png
data/train/00657_c.png,data/train/00657_d.png
data/train/00658_c.png,data/train/00658_d.png
data/train/00659_c.png,data/train/00659_d.png
data/train/00660_c.png,data/train/00660_d.png
data/train/00661_c.png,data/train/00661_d.png
data/train/00662_c.png,data/train/00662_d.png
data/train/00663_c.png,data/train/00663_d.png
data/train/00664_c.png,data/train/00664_d.png
data/train/00665_c.png,data/train/00665_d.png
data/train/00666_c.png,data/train/00666_d.png
data/train/00667_c.png,data/train/00667_d.png
data/train/00668_c.png,data/train/00668_d.png
data/train/00669_c.png,data/train/00669_d.png
data/train/00670_c.png,data/train/00670_d.png
data/train/00671_c.png,data/train/00671_d.png
data/train/00672_c.png,data/train/00672_d.png
data/train/00673_c.png,data/train/00673_d.png
data/train/00674_c.png,data/train/00674_d.png
data/train/00675_c.png,data/train/00675_d.png
data/train/00676_c.png,data/train/00676_d.png
data/train/00677_c.png,data/train/00677_d.png
data/train/00678_c.png,data/train/00678_d.png
data/train/00679_c.png,data/train/00679_d.png
data/train/00680_c.png,data/train/00680_d.png
data/train/00681_c.png,data/train/00681_d.png
data/train/00682_c.png,data/train/00682_d.png
data/train/00683_c.png,data/train/00683_d.png
data/train/00684_c.png,data/train/00684_d.png
data/train/00685_c.png,data/train/00685_d.png
data/train/00686_c.png,data/train/00686_d.png
data/train/00687_c.png,data/train/00687_d.png
data/train/00688_c.png,data/train/00688_d.png
data/train/00689_c.png,data/train/00689_d.png
data/train/00690_c.png,data/train/00690_d.png
data/train/00691_c.png,data/train/00691_d.png
data/train/00692_c.png,data/train/00692_d.png
data/train/00693_c.png,data/train/00693_d.png
data/train/00694_c.png,data/train/00694_d.png
data/train/00695_c.png,data/train/00695_d.png
data/train/00696_c.png,data/train/00696_d.png
data/train/00697_c.png,data/train/00697_d.png
data/train/00698_c.png,data/train/00698_d.png
data/train/00699_c.png,data/train/00699_d.png
data/train/00700_c.png,data/train/00700_d.png
data/train/00701_c.png,data/train/00701_d.png
data/train/00702_c.png,data/train/00702_d.png
data/train/00703_c.png,data/train/00703_d.png
data/train/00704_c.png,data/train/00704_d.png
data/train/00705_c.png,data/train/00705_d.png
data/train/00706_c.png,data/train/00706_d.png
data/train/00707_c.png,data/train/00707_d.png
data/train/00708_c.png,data/train/00708_d.png
data/train/00709_c.png,data/train/00709_d.png
data/train/00710_c.png,data/train/00710_d.png
data/train/00711_c.png,data/train/00711_d.png
data/train/00712_c.png,data/train/00712_d.png
data/train/00713_c.png,data/train/00713_d.png
data/train/00714_c.png,data/train/00714_d.png
data/train/00715_c.png,data/train/00715_d.png
data/train/00716_c.png,data/train/00716_d.png
data/train/00717_c.png,data/train/00717_d.png
data/train/00718_c.png,data/train/00718_d.png
data/train/00719_c.png,data/train/00719_d.png
data/train/00720_c.png,data/train/00720_d.png
data/train/00721_c.png,data/train/00721_d.png
data/train/00722_c.png,data/train/00722_d.png
data/train/00723_c.png,data/train/00723_d.png
data/train/00724_c.png,data/train/00724_d.png
data/train/00725_c.png,data/train/00725_d.png
data/train/00726_c.png,data/train/00726_d.png
data/train/00727_c.png,data/train/00727_d.png
data/train/00728_c.png,data/train/00728_d.png
data/train/00729_c.png,data/train/00729_d.png
data/train/00730_c.png,data/train/00730_d.png
data/train/00731_c.png,data/train/00731_d.png
data/train/00732_c.png,data/train/00732_d.png
data/train/00733_c.png,data/train/00733_d.png
data/train/00734_c.png,data/train/00734_d.png
data/train/00735_c.png,data/train/00735_d.png
data/train/00736_c.png,data/train/00736_d.png
data/train/00737_c.png,data/train/00737_d.png
data/train/00738_c.png,data/train/00738_d.png
data/train/00739_c.png,data/train/00739_d.png
data/train/00740_c.png,data/train/00740_d.png
data/train/00741_c.png,data/train/00741_d.png
data/train/00742_c.png,data/train/00742_d.png
data/train/00743_c.png,data/train/00743_d.png
data/train/00744_c.png,data/train/00744_d.png
data/train/00745_c.png,data/train/00745_d.png
data/train/00746_c.png,data/train/00746_d.png
data/train/00747_c.png,data/train/00747_d.png
data/train/00748_c.png,data/train/00748_d.png
data/train/00749_c.png,data/train/00749_d.png
data/train/00750_c.png,data/train/00750_d.png
data/train/00751_c.png,data/train/00751_d.png
data/train/00752_c.png,data/train/00752_d.png
data/train/00753_c.png,data/train/00753_d.png
data/train/00754_c.png,data/train/00754_d.png
data/train/00755_c.png,data/train/00755_d.png
data/train/00756_c.png,data/train/00756_d.png
data/train/00757_c.png,data/train/00757_d.png
data/train/00758_c.png,data/train/00758_d.png
data/train/00759_c.png,data/train/00759_d.png
data/train/00760_c.png,data/train/00760_d.png
data/train/00761_c.png,data/train/00761_d.png
data/train/00762_c.png,data/train/00762_d.png
data/train/00763_c.png,data/train/00763_d.png
data/train/00764_c.png,data/train/00764_d.png
data/train/00765_c.png,data/train/00765_d.png
data/train/00766_c.png,data/train/00766_d.png
data/train/00767_c.png,data/train/00767_d.png
data/train/00768_c.png,data/train/00768_d.png
data/train/00769_c.png,data/train/00769_d.png
data/train/00770_c.png,data/train/00770_d.png
data/train/00771_c.png,data/train/00771_d.png
data/train/00772_c.png,data/train/00772_d.png
data/train/00773_c.png,data/train/00773_d.png
data/train/00774_c.png,data/train/00774_d.png
data/train/00775_c.png,data/train/00775_d.png
data/train/00776_c.png,data/train/00776_d.png
data/train/00777_c.png,data/train/00777_d.png
data/train/00778_c.png,data/train/00778_d.png
data/train/00779_c.png,data/train/00779_d.png
data/train/00780_c.png,data/train/00780_d.png
data/train/00781_c.png,data/train/00781_d.png
data/train/00782_c.png,data/train/00782_d.png
data/train/00783_c.png,data/train/00783_d.png
data/train/00784_c.png,data/train/00784_d.png
data/train/00785_c.png,data/train/00785_d.png
data/train/00786_c.png,data/train/00786_d.png
data/train/00787_c.png,data/train/00787_d.png
data/train/00788_c.png,data/train/00788_d.png
data/train/00789_c.png,data/train/00789_d.png
data/train/00790_c.png,data/train/00790_d.png
data/train/00791_c.png,data/train/00791_d.png
data/train/00792_c.png,data/train/00792_d.png
data/train/00793_c.png,data/train/00793_d.png
data/train/00794_c.png,data/train/00794_d.png
data/train/00795_c.png,data/train/00795_d.png
data/train/00796_c.png,data/train/00796_d.png
data/train/00797_c.png,data/train/00797_d.png
data/train/00798_c.png,data/train/00798_d.png
data/train/00799_c.png,data/train/00799_d.png
data/train/00800_c.png,data/train/00800_d.png
data/train/00801_c.png,data/train/00801_d.png
data/train/00802_c.png,data/train/00802_d.png
data/train/00803_c.png,data/train/00803_d.png
data/train/00804_c.png,data/train/00804_d.png
data/train/00805_c.png,data/train/00805_d.png
data/train/00806_c.png,data/train/00806_d.png
data/train/00807_c.png,data/train/00807_d.png
data/train/00808_c.png,data/train/00808_d.png
data/train/00809_c.png,data/train/00809_d.png
data/train/00810_c.png,data/train/00810_d.png
data/train/00811_c.png,data/train/00811_d.png
data/train/00812_c.png,data/train/00812_d.png
data/train/00813_c.png,data/train/00813_d.png
data/train/00814_c.png,data/train/00814_d.png
data/train/00815_c.png,data/train/00815_d.png
data/train/00816_c.png,data/train/00816_d.png
data/train/00817_c.png,data/train/00817_d.png
data/train/00818_c.png,data/train/00818_d.png
data/train/00819_c.png,data/train/00819_d.png
data/train/00820_c.png,data/train/00820_d.png
data/train/00821_c.png,data/train/00821_d.png
data/train/00822_c.png,data/train/00822_d.png
data/train/00823_c.png,data/train/00823_d.png
data/train/00824_c.png,data/train/00824_d.png
data/train/00825_c.png,data/train/00825_d.png
data/train/00826_c.png,data/train/00826_d.png
data/train/00827_c.png,data/train/00827_d.png
data/train/00828_c.png,data/train/00828_d.png
data/train/00829_c.png,data/train/00829_d.png
data/train/00830_c.png,data/train/00830_d.png
data/train/00831_c.png,data/train/00831_d.png
data/train/00832_c.png,data/train/00832_d.png
data/train/00833_c.png,data/train/00833_d.png
data/train/00834_c.png,data/train/00834_d.png
data/train/00835_c.png,data/train/00835_d.png
data/train/00836_c.png,data/train/00836_d.png
data/train/00837_c.png,data/train/00837_d.png
data/train/00838_c.png,data/train/00838_d.png
data/train/00839_c.png,data/train/00839_d.png
data/train/00840_c.png,data/train/00840_d.png
data/train/00841_c.png,data/train/00841_d.png
data/train/00842_c.png,data/train/00842_d.png
data/train/00843_c.png,data/train/00843_d.png
data/train/00844_c.png,data/train/00844_d.png
data/train/00845_c.png,data/train/00845_d.png
data/train/00846_c.png,data/train/00846_d.png
data/train/00847_c.png,data/train/00847_d.png
data/train/00848_c.png,data/train/00848_d.png
data/train/00849_c.png,data/train/00849_d.png
data/train/00850_c.png,data/train/00850_d.png
data/train/00851_c.png,data/train/00851_d.png
data/train/00852_c.png,data/train/00852_d.png
data/train/00853_c.png,data/train/00853_d.png
data/train/00854_c.png,data/train/00854_d.png
data/train/00855_c.png,data/train/00855_d.png
data/train/00856_c.png,data/train/00856_d.png
data/train/00857_c.png,data/train/00857_d.png
data/train/00858_c.png,data/train/00858_d.png
data/train/00859_c.png,data/train/00859_d.png
data/train/00860_c.png,data/train/00860_d.png
data/train/00861_c.png,data/train/00861_d.png
data/train/00862_c.png,data/train/00862_d.png
data/train/00863_c.png,data/train/00863_d.png
data/train/00864_c.png,data/train/00864_d.png
data/train/00865_c.png,data/train/00865_d.png
data/train/00866_c.png,data/train/00866_d.png
data/train/00867_c.png,data/train/00867_d.png
data/train/00868_c.png,data/train/00868_d.png
data/train/00869_c.png,data/train/00869_d.png
data/train/00870_c.png,data/train/00870_d.png
data/train/00871_c.png,data/train/00871_d.png
data/train/00872_c.png,data/train/00872_d.png
data/train/00873_c.png,data/train/00873_d.png
data/train/00874_c.png,data/train/00874_d.png
data/train/00875_c.png,data/train/00875_d.png
data/train/00876_c.png,data/train/00876_d.png
data/train/00877_c.png,data/train/00877_d.png
data/train/00878_c.png,data/train/00878_d.png
data/train/00879_c.png,data/train/00879_d.png
data/train/00880_c.png,data/train/00880_d.png
data/train/00881_c.png,data/train/00881_d.png
data/train/00882_c.png,data/train/00882_d.png
data/train/00883_c.png,data/train/00883_d.png
data/train/00884_c.png,data/train/00884_d.png
data/train/00885_c.png,data/train/00885_d.png
data/train/00886_c.png,data/train/00886_d.png
data/train/00887_c.png,data/train/00887_d.png
data/train/00888_c.png,data/train/00888_d.png
data/train/00889_c.png,data/train/00889_d.png
data/train/00890_c.png,data/train/00890_d.png
data/train/00891_c.png,data/train/00891_d.png
data/train/00892_c.png,data/train/00892_d.png
data/train/00893_c.png,data/train/00893_d.png
data/train/00894_c.png,data/train/00894_d.png
data/train/00895_c.png,data/train/00895_d.png
data/train/00896_c.png,data/train/00896_d.png
data/train/00897_c.png,data/train/00897_d.png
data/train/00898_c.png,data/train/00898_d.png
data/train/00899_c.png,data/train/00899_d.png
data/train/00900_c.png,data/train/00900_d.png
data/train/00901_c.png,data/train/00901_d.png
data/train/00902_c.png,data/train/00902_d.png
data/train/00903_c.png,data/train/00903_d.png
data/train/00904_c.png,data/train/00904_d.png
data/train/00905_c.png,data/train/00905_d.png
data/train/00906_c.png,data/train/00906_d.png
data/train/00907_c.png,data/train/00907_d.png
data/train/00908_c.png,data/train/00908_d.png
data/train/00909_c.png,data/train/00909_d.png
data/train/00910_c.png,data/train/00910_d.png
data/train/00911_c.png,data/train/00911_d.png
data/train/00912_c.png,data/train/00912_d.png
data/train/00913_c.png,data/train/00913_d.png
data/train/00914_c.png,data/train/00914_d.png
data/train/00915_c.png,data/train/00915_d.png
data/train/00916_c.png,data/train/00916_d.png
data/train/00917_c.png,data/train/00917_d.png
data/train/00918_c.png,data/train/00918_d.png
data/train/00919_c.png,data/train/00919_d.png
data/train/00920_c.png,data/train/00920_d.png
data/train/00921_c.png,data/train/00921_d.png
data/train/00922_c.png,data/train/00922_d.png
data/train/00923_c.png,data/train/00923_d.png
data/train/00924_c.png,data/train/00924_d.png
data/train/00925_c.png,data/train/00925_d.png
data/train/00926_c.png,data/train/00926_d.png
data/train/00927_c.png,data/train/00927_d.png
data/train/00928_c.png,data/train/00928_d.png
data/train/00929_c.png,data/train/00929_d.png
data/train/00930_c.png,data/train/00930_d.png
data/train/00931_c.png,data/train/00931_d.png
data/train/00932_c.png,data/train/00932_d.png
data/train/00933_c.png,data/train/00933_d.png
data/train/00934_c.png,data/train/00934_d.png
data/train/00935_c.png,data/train/00935_d.png
data/train/00936_c.png,data/train/00936_d.png
data/train/00937_c.png,data/train/00937_d.png
data/train/00938_c.png,data/train/00938_d.png
data/train/00939_c.png,data/train/00939_d.png
data/train/00940_c.png,data/train/00940_d.png
data/train/00941_c.png,data/train/00941_d.png
data/train/00942_c.png,data/train/00942_d.png
data/train/00943_c.png,data/train/00943_d.png
data/train/00944_c.png,data/train/00944_d.png
data/train/00945_c.png,data/train/00945_d.png
data/train/00946_c.png,data/train/00946_d.png
data/train/00947_c.png,data/train/00947_d.png
data/train/00948_c.png,data/train/00948_d.png
data/train/00949_c.png,data/train/00949_d.png
data/train/00950_c.png,data/train/00950_d.png
data/train/00951_c.png,data/train/00951_d.png
data/train/00952_c.png,data/train/00952_d.png
data/train/00953_c.png,data/train/00953_d.png
data/train/00954_c.png,data/train/00954_d.png
data/train/00955_c.png,data/train/00955_d.png
data/train/00956_c.png,data/train/00956_d.png
data/train/00957_c.png,data/train/00957_d.png
data/train/00958_c.png,data/train/00958_d.png
data/train/00959_c.png,data/train/00959_d.png
data/train/00960_c.png,data/train/00960_d.png
data/train/00961_c.png,data/train/00961_d.png
data/train/00962_c.png,data/train/00962_d.png
data/train/00963_c.png,data/train/00963_d.png
data/train/00964_c.png,data/train/00964_d.png
data/train/00965_c.png,data/train/00965_d.png
data/train/00966_c.png,data/train/00966_d.png
data/train/00967_c.png,data/train/00967_d.png
data/train/00968_c.png,data/train/00968_d.png
data/train/00969_c.png,data/train/00969_d.png
data/train/00970_c.png,data/train/00970_d.png
data/train/00971_c.png,data/train/00971_d.png
data/train/00972_c.png,data/train/00972_d.png
data/train/00973_c.png,data/train/00973_d.png
data/train/00974_c.png,data/train/00974_d.png
data/train/00975_c.png,data/train/00975_d.png
data/train/00976_c.png,data/train/00976_d.png
data/train/00977_c.png,data/train/00977_d.png
data/train/00978_c.png,data/train/00978_d.png
data/train/00979_c.png,data/train/00979_d.png
data/train/00980_c.png,data/train/00980_d.png
data/train/00981_c.png,data/train/00981_d.png
data/train/00982_c.png,data/train/00982_d.png
data/train/00983_c.png,data/train/00983_d.png
data/train/00984_c.png,data/train/00984_d.png
data/train/00985_c.png,data/train/00985_d.png
data/train/00986_c.png,data/train/00986_d.png
data/train/00987_c.png,data/train/00987_d.png
data/train/00988_c.png,data/train/00988_d.png
data/train/00989_c.png,data/train/00989_d.png
data/train/00990_c.png,data/train/00990_d.png
data/train/00991_c.png,data/train/00991_d.png
data/train/00992_c.png,data/train/00992_d.png
data/train/00993_c.png,data/train/00993_d.png
data/train/00994_c.png,data/train/00994_d.png
data/train/00995_c.png,data/train/00995_d.png
data/train/00996_c.png,data/train/00996_d.png
data/train/00997_c.png,data/train/00997_d.png
data/train/00998_c.png,data/train/00998_d.png
data/train/00999_c.png,data/train/00999_d.png
data/train/01000_c.png,data/train/01000_d.png
data/train/01001_c.png,data/train/01001_d.png
data/train/01002_c.png,data/train/01002_d.png
data/train/01003_c.png,data/train/01003_d.png
data/train/01004_c.png,data/train/01004_d.png
data/train/01005_c.png,data/train/01005_d.png
data/train/01006_c.png,data/train/01006_d.png
data/train/01007_c.png,data/train/01007_d.png
data/train/01008_c.png,data/train/01008_d.png
data/train/01009_c.png,data/train/01009_d.png
data/train/01010_c.png,data/train/01010_d.png
data/train/01011_c.png,data/train/01011_d.png
data/train/01012_c.png,data/train/01012_d.png
data/train/01013_c.png,data/train/01013_d.png
data/train/01014_c.png,data/train/01014_d.png
data/train/01015_c.png,data/train/01015_d.png
data/train/01016_c.png,data/train/01016_d.png
data/train/01017_c.png,data/train/01017_d.png
data/train/01018_c.png,data/train/01018_d.png
data/train/01019_c.png,data/train/01019_d.png
data/train/01020_c.png,data/train/01020_d.png
data/train/01021_c.png,data/train/01021_d.png
data/train/01022_c.png,data/train/01022_d.png
data/train/01023_c.png,data/train/01023_d.png
data/train/01024_c.png,data/train/01024_d.png
data/train/01025_c.png,data/train/01025_d.png
data/train/01026_c.png,data/train/01026_d.png
data/train/01027_c.png,data/train/01027_d.png
data/train/01028_c.png,data/train/01028_d.png
data/train/01029_c.png,data/train/01029_d.png
data/train/01030_c.png,data/train/01030_d.png
data/train/01031_c.png,data/train/01031_d.png
data/train/01032_c.png,data/train/01032_d.png
data/train/01033_c.png,data/train/01033_d.png
data/train/01034_c.png,data/train/01034_d.png
data/train/01035_c.png,data/train/01035_d.png
data/train/01036_c.png,data/train/01036_d.png
data/train/01037_c.png,data/train/01037_d.png
data/train/01038_c.png,data/train/01038_d.png
data/train/01039_c.png,data/train/01039_d.png
data/train/01040_c.png,data/train/01040_d.png
data/train/01041_c.png,data/train/01041_d.png
data/train/01042_c.png,data/train/01042_d.png
data/train/01043_c.png,data/train/01043_d.png
data/train/01044_c.png,data/train/01044_d.png
data/train/01045_c.png,data/train/01045_d.png
data/train/01046_c.png,data/train/01046_d.png
data/train/01047_c.png,data/train/01047_d.png
data/train/01048_c.png,data/train/01048_d.png
data/train/01049_c.png,data/train/01049_d.png
data/train/01050_c.png,data/train/01050_d.png
data/train/01051_c.png,data/train/01051_d.png
data/train/01052_c.png,data/train/01052_d.png
data/train/01053_c.png,data/train/01053_d.png
data/train/01054_c.png,data/train/01054_d.png
data/train/01055_c.png,data/train/01055_d.png
data/train/01056_c.png,data/train/01056_d.png
data/train/01057_c.png,data/train/01057_d.png
data/train/01058_c.png,data/train/01058_d.png
data/train/01059_c.png,data/train/01059_d.png
data/train/01060_c.png,data/train/01060_d.png
data/train/01061_c.png,data/train/01061_d.png
data/train/01062_c.png,data/train/01062_d.png
data/train/01063_c.png,data/train/01063_d.png
data/train/01064_c.png,data/train/01064_d.png
data/train/01065_c.png,data/train/01065_d.png
data/train/01066_c.png,data/train/01066_d.png
data/train/01067_c.png,data/train/01067_d.png
data/train/01068_c.png,data/train/01068_d.png
data/train/01069_c.png,data/train/01069_d.png
data/train/01070_c.png,data/train/01070_d.png
data/train/01071_c.png,data/train/01071_d.png
data/train/01072_c.png,data/train/01072_d.png
data/train/01073_c.png,data/train/01073_d.png
data/train/01074_c.png,data/train/01074_d.png
data/train/01075_c.png,data/train/01075_d.png
data/train/01076_c.png,data/train/01076_d.png
data/train/01077_c.png,data/train/01077_d.png
data/train/01078_c.png,data/train/01078_d.png
data/train/01079_c.png,data/train/01079_d.png
data/train/01080_c.png,data/train/01080_d.png
data/train/01081_c.png,data/train/01081_d.png
data/train/01082_c.png,data/train/01082_d.png
data/train/01083_c.png,data/train/01083_d.png
data/train/01084_c.png,data/train/01084_d.png
data/train/01085_c.png,data/train/01085_d.png
data/train/01086_c.png,data/train/01086_d.png
data/train/01087_c.png,data/train/01087_d.png
data/train/01088_c.png,data/train/01088_d.png
data/train/01089_c.png,data/train/01089_d.png
data/train/01090_c.png,data/train/01090_d.png
data/train/01091_c.png,data/train/01091_d.png
data/train/01092_c.png,data/train/01092_d.png
data/train/01093_c.png,data/train/01093_d.png
data/train/01094_c.png,data/train/01094_d.png
data/train/01095_c.png,data/train/01095_d.png
data/train/01096_c.png,data/train/01096_d.png
data/train/01097_c.png,data/train/01097_d.png
data/train/01098_c.png,data/train/01098_d.png
data/train/01099_c.png,data/train/01099_d.png
data/train/01100_c.png,data/train/01100_d.png
data/train/01101_c.png,data/train/01101_d.png
data/train/01102_c.png,data/train/01102_d.png
data/train/01103_c.png,data/train/01103_d.png
data/train/01104_c.png,data/train/01104_d.png
data/train/01105_c.png,data/train/01105_d.png
data/train/01106_c.png,data/train/01106_d.png
data/train/01107_c.png,data/train/01107_d.png
data/train/01108_c.png,data/train/01108_d.png
data/train/01109_c.png,data/train/01109_d.png
data/train/01110_c.png,data/train/01110_d.png
data/train/01111_c.png,data/train/01111_d.png
data/train/01112_c.png,data/train/01112_d.png
data/train/01113_c.png,data/train/01113_d.png
data/train/01114_c.png,data/train/01114_d.png
data/train/01115_c.png,data/train/01115_d.png
data/train/01116_c.png,data/train/01116_d.png
data/train/01117_c.png,data/train/01117_d.png
data/train/01118_c.png,data/train/01118_d.png
data/train/01119_c.png,data/train/01119_d.png
data/train/01120_c.png,data/train/01120_d.png
data/train/01121_c.png,data/train/01121_d.png
data/train/01122_c.png,data/train/01122_d.png
data/train/01123_c.png,data/train/01123_d.png
data/train/01124_c.png,data/train/01124_d.png
data/train/01125_c.png,data/train/01125_d.png
data/train/01126_c.png,data/train/01126_d.png
data/train/01127_c.png,data/train/01127_d.png
data/train/01128_c.png,data/train/01128_d.png
data/train/01129_c.png,data/train/01129_d.png
data/train/01130_c.png,data/train/01130_d.png
data/train/01131_c.png,data/train/01131_d.png
data/train/01132_c.png,data/train/01132_d.png
data/train/01133_c.png,data/train/01133_d.png
data/train/01134_c.png,data/train/01134_d.png
data/train/01135_c.png,data/train/01135_d.png
data/train/01136_c.png,data/train/01136_d.png
data/train/01137_c.png,data/train/01137_d.png
data/train/01138_c.png,data/train/01138_d.png
data/train/01139_c.png,data/train/01139_d.png
data/train/01140_c.png,data/train/01140_d.png
data/train/01141_c.png,data/train/01141_d.png
data/train/01142_c.png,data/train/01142_d.png
data/train/01143_c.png,data/train/01143_d.png
data/train/01144_c.png,data/train/01144_d.png
data/train/01145_c.png,data/train/01145_d.png
data/train/01146_c.png,data/train/01146_d.png
data/train/01147_c.png,data/train/01147_d.png
data/train/01148_c.png,data/train/01148_d.png
data/train/01149_c.png,data/train/01149_d.png
data/train/01150_c.png,data/train/01150_d.png
data/train/01151_c.png,data/train/01151_d.png
data/train/01152_c.png,data/train/01152_d.png
data/train/01153_c.png,data/train/01153_d.png
data/train/01154_c.png,data/train/01154_d.png
data/train/01155_c.png,data/train/01155_d.png
data/train/01156_c.png,data/train/01156_d.png
data/train/01157_c.png,data/train/01157_d.png
data/train/01158_c.png,data/train/01158_d.png
data/train/01159_c.png,data/train/01159_d.png
data/train/01160_c.png,data/train/01160_d.png
data/train/01161_c.png,data/train/01161_d.png
data/train/01162_c.png,data/train/01162_d.png
data/train/01163_c.png,data/train/01163_d.png
data/train/01164_c.png,data/train/01164_d.png
data/train/01165_c.png,data/train/01165_d.png
data/train/01166_c.png,data/train/01166_d.png
data/train/01167_c.png,data/train/01167_d.png
data/train/01168_c.png,data/train/01168_d.png
data/train/01169_c.png,data/train/01169_d.png
data/train/01170_c.png,data/train/01170_d.png
data/train/01171_c.png,data/train/01171_d.png
data/train/01172_c.png,data/train/01172_d.png
data/train/01173_c.png,data/train/01173_d.png
data/train/01174_c.png,data/train/01174_d.png
data/train/01175_c.png,data/train/01175_d.png
data/train/01176_c.png,data/train/01176_d.png
data/train/01177_c.png,data/train/01177_d.png
data/train/01178_c.png,data/train/01178_d.png
data/train/01179_c.png,data/train/01179_d.png
data/train/01180_c.png,data/train/01180_d.png
data/train/01181_c.png,data/train/01181_d.png
data/train/01182_c.png,data/train/01182_d.png
data/train/01183_c.png,data/train/01183_d.png
data/train/01184_c.png,data/train/01184_d.png
data/train/01185_c.png,data/train/01185_d.png
data/train/01186_c.png,data/train/01186_d.png
data/train/01187_c.png,data/train/01187_d.png
data/train/01188_c.png,data/train/01188_d.png
data/train/01189_c.png,data/train/01189_d.png
data/train/01190_c.png,data/train/01190_d.png
data/train/01191_c.png,data/train/01191_d.png
data/train/01192_c.png,data/train/01192_d.png
data/train/01193_c.png,data/train/01193_d.png
data/train/01194_c.png,data/train/01194_d.png
data/train/01195_c.png,data/train/01195_d.png
data/train/01196_c.png,data/train/01196_d.png
data/train/01197_c.png,data/train/01197_d.png
data/train/01198_c.png,data/train/01198_d.png
data/train/01199_c.png,data/train/01199_d.png
data/train/01200_c.png,data/train/01200_d.png
data/train/01201_c.png,data/train/01201_d.png
data/train/01202_c.png,data/train/01202_d.png
data/train/01203_c.png,data/train/01203_d.png
data/train/01204_c.png,data/train/01204_d.png
data/train/01205_c.png,data/train/01205_d.png
data/train/01206_c.png,data/train/01206_d.png
data/train/01207_c.png,data/train/01207_d.png
data/train/01208_c.png,data/train/01208_d.png
data/train/01209_c.png,data/train/01209_d.png
data/train/01210_c.png,data/train/01210_d.png
data/train/01211_c.png,data/train/01211_d.png
data/train/01212_c.png,data/train/01212_d.png
data/train/01213_c.png,data/train/01213_d.png
data/train/01214_c.png,data/train/01214_d.png
data/train/01215_c.png,data/train/01215_d.png
data/train/01216_c.png,data/train/01216_d.png
data/train/01217_c.png,data/train/01217_d.png
data/train/01218_c.png,data/train/01218_d.png
data/train/01219_c.png,data/train/01219_d.png
data/train/01220_c.png,data/train/01220_d.png
data/train/01221_c.png,data/train/01221_d.png
data/train/01222_c.png,data/train/01222_d.png
data/train/01223_c.png,data/train/01223_d.png
data/train/01224_c.png,data/train/01224_d.png
data/train/01225_c.png,data/train/01225_d.png
data/train/01226_c.png,data/train/01226_d.png
data/train/01227_c.png,data/train/01227_d.png
data/train/01228_c.png,data/train/01228_d.png
data/train/01229_c.png,data/train/01229_d.png
data/train/01230_c.png,data/train/01230_d.png
data/train/01231_c.png,data/train/01231_d.png
data/train/01232_c.png,data/train/01232_d.png
data/train/01233_c.png,data/train/01233_d.png
data/train/01234_c.png,data/train/01234_d.png
data/train/01235_c.png,data/train/01235_d.png
data/train/01236_c.png,data/train/01236_d.png
data/train/01237_c.png,data/train/01237_d.png
data/train/01238_c.png,data/train/01238_d.png
data/train/01239_c.png,data/train/01239_d.png
data/train/01240_c.png,data/train/01240_d.png
data/train/01241_c.png,data/train/01241_d.png
data/train/01242_c.png,data/train/01242_d.png
data/train/01243_c.png,data/train/01243_d.png
data/train/01244_c.png,data/train/01244_d.png
data/train/01245_c.png,data/train/01245_d.png
data/train/01246_c.png,data/train/01246_d.png
data/train/01247_c.png,data/train/01247_d.png
data/train/01248_c.png,data/train/01248_d.png
data/train/01249_c.png,data/train/01249_d.png
data/train/01250_c.png,data/train/01250_d.png
data/train/01251_c.png,data/train/01251_d.png
data/train/01252_c.png,data/train/01252_d.png
data/train/01253_c.png,data/train/01253_d.png
data/train/01254_c.png,data/train/01254_d.png
data/train/01255_c.png,data/train/01255_d.png
data/train/01256_c.png,data/train/01256_d.png
data/train/01257_c.png,data/train/01257_d.png
data/train/01258_c.png,data/train/01258_d.png
data/train/01259_c.png,data/train/01259_d.png
data/train/01260_c.png,data/train/01260_d.png
data/train/01261_c.png,data/train/01261_d.png
data/train/01262_c.png,data/train/01262_d.png
data/train/01263_c.png,data/train/01263_d.png
data/train/01264_c.png,data/train/01264_d.png
data/train/01265_c.png,data/train/01265_d.png
data/train/01266_c.png,data/train/01266_d.png
data/train/01267_c.png,data/train/01267_d.png
data/train/01268_c.png,data/train/01268_d.png
data/train/01269_c.png,data/train/01269_d.png
data/train/01270_c.png,data/train/01270_d.png
data/train/01271_c.png,data/train/01271_d.png
data/train/01272_c.png,data/train/01272_d.png
data/train/01273_c.png,data/train/01273_d.png
data/train/01274_c.png,data/train/01274_d.png
data/train/01275_c.png,data/train/01275_d.png
data/train/01276_c.png,data/train/01276_d.png
data/train/01277_c.png,data/train/01277_d.png
data/train/01278_c.png,data/train/01278_d.png
data/train/01279_c.png,data/train/01279_d.png
data/train/01280_c.png,data/train/01280_d.png
data/train/01281_c.png,data/train/01281_d.png
data/train/01282_c.png,data/train/01282_d.png
data/train/01283_c.png,data/train/01283_d.png
data/train/01284_c.png,data/train/01284_d.png
data/train/01285_c.png,data/train/01285_d.png
data/train/01286_c.png,data/train/01286_d.png
data/train/01287_c.png,data/train/01287_d.png
data/train/01288_c.png,data/train/01288_d.png
data/train/01289_c.png,data/train/01289_d.png
data/train/01290_c.png,data/train/01290_d.png
data/train/01291_c.png,data/train/01291_d.png
data/train/01292_c.png,data/train/01292_d.png
data/train/01293_c.png,data/train/01293_d.png
data/train/01294_c.png,data/train/01294_d.png
data/train/01295_c.png,data/train/01295_d.png
data/train/01296_c.png,data/train/01296_d.png
data/train/01297_c.png,data/train/01297_d.png
data/train/01298_c.png,data/train/01298_d.png
data/train/01299_c.png,data/train/01299_d.png
data/train/01300_c.png,data/train/01300_d.png
data/train/01301_c.png,data/train/01301_d.png
data/train/01302_c.png,data/train/01302_d.png
data/train/01303_c.png,data/train/01303_d.png
data/train/01304_c.png,data/train/01304_d.png
